id,first_name,last_name,email,gender,ip_address
1,Priscilla,Ribchester,pribchester0@sciencedirect.com,Female,139.67.216.66
2,Wilt,Tesoe,wtesoe1@ucoz.ru,Male,23.213.221.109
3,Mirelle,Showering,mshowering2@wunderground.com,Female,10.46.250.26
4,Paul,Ion,pion3@narod.ru,Male,201.56.171.166
5,Hurleigh,Kopp,hkopp4@blogtalkradio.com,Male,14.245.103.25
6,Angie,Arkell,aarkell5@mit.edu,Male,51.218.15.38
7,Garold,Gorke,ggorke6@dyndns.org,Male,112.28.8.166
8,Reynolds,Fivey,rfivey7@yellowpages.com,Male,176.204.15.140
9,Marcy,Shallow,mshallow8@elpais.com,Female,220.190.98.66
10,Garvey,Daintree,gdaintree9@blinklist.com,Male,154.188.50.207
11,Gearard,Lownds,glowndsa@plala.or.jp,Male,76.54.6.119
12,Franciskus,Martino,fmartinob@histats.com,Male,81.108.196.238
13,Abbey,Monck,amonckc@time.com,Male,78.169.5.128
14,Gabriel,Keyho,gkeyhod@123-reg.co.uk,Male,148.41.156.56
15,Sarajane,Freestone,sfreestonee@google.it,Female,221.112.222.71
16,Phillis,Shalcras,pshalcrasf@csmonitor.com,Female,49.10.231.129
17,Allina,Orneblow,aorneblowg@loc.gov,Female,1.225.212.213
18,Ruggiero,Halpine,rhalpineh@imdb.com,Male,15.41.124.80
19,Maxi,Stolle,mstollei@domainmarket.com,Female,172.210.253.187
20,Colleen,Forward,cforwardj@earthlink.net,Female,213.197.249.55
21,Tonie,Stollberg,tstollbergk@e-recht24.de,Female,195.77.169.199
22,Lilllie,Pestricke,lpestrickel@liveinternet.ru,Female,196.95.64.27
23,Charlton,Brazelton,cbrazeltonm@theglobeandmail.com,Male,2.204.158.30
24,Ian,Chavey,ichaveyn@cnn.com,Male,222.217.12.20
25,Danita,Kirman,dkirmano@mapy.cz,Female,252.133.145.92
26,Cameron,Gwalter,cgwalterp@alexa.com,Male,34.246.187.11
27,Wald,Caseley,wcaseleyq@i2i.jp,Male,165.141.203.109
28,Derril,Millgate,dmillgater@smh.com.au,Male,97.253.246.108
29,Cornela,Outridge,coutridges@ehow.com,Female,243.146.29.116
30,Damon,Balshaw,dbalshawt@list-manage.com,Male,166.189.111.84
31,Georgina,Matches,gmatchesu@exblog.jp,Female,32.169.102.94
32,Wally,Goss,wgossv@techcrunch.com,Male,86.224.67.142
33,Costanza,Vennings,cvenningsw@java.com,Female,116.93.54.72
34,Mose,Shirtliff,mshirtliffx@slate.com,Male,253.22.76.136
35,Reynolds,McGookin,rmcgookiny@army.mil,Male,123.222.177.220
36,Cairistiona,O'Dee,codeez@ucoz.com,Female,1.149.136.161
37,Zelig,Passie,zpassie10@ft.com,Male,251.110.15.164
38,Riley,Dable,rdable11@clickbank.net,Male,49.230.224.132
39,Gamaliel,Klewer,gklewer12@go.com,Male,97.64.65.221
40,Immanuel,Sherborn,isherborn13@msn.com,Male,32.118.225.218
41,Paulie,Dybald,pdybald14@discuz.net,Male,94.141.240.146
42,William,Koppen,wkoppen15@alibaba.com,Male,230.140.64.214
43,Judith,Piesold,jpiesold16@toplist.cz,Female,30.87.8.169
44,Lianna,Eckford,leckford17@epa.gov,Female,24.73.130.91
45,Jason,Gillise,jgillise18@amazon.co.jp,Male,123.229.90.63
46,Quintin,Scarff,qscarff19@un.org,Male,6.32.180.168
47,Kennith,Welsby,kwelsby1a@nydailynews.com,Male,229.142.49.40
48,Sharia,Scad,sscad1b@chicagotribune.com,Female,14.79.132.121
49,Lemuel,Troubridge,ltroubridge1c@yellowpages.com,Male,140.42.36.123
50,Nikolas,Mourbey,nmourbey1d@diigo.com,Male,234.255.32.204
51,Woodrow,Broose,wbroose1e@google.co.jp,Male,65.8.204.0
52,Raye,Van de Velde,rvandevelde1f@squarespace.com,Female,166.215.58.182
53,Paulo,Gettens,pgettens1g@typepad.com,Male,209.97.7.114
54,Alex,McAlarney,amcalarney1h@ebay.com,Male,4.149.50.211
55,Muriel,Whodcoat,mwhodcoat1i@pen.io,Female,121.153.94.35
56,Matthaeus,Garton,mgarton1j@qq.com,Male,81.87.201.80
57,Gusta,Itzhak,gitzhak1k@boston.com,Female,115.63.196.20
58,Jephthah,Ullock,jullock1l@jiathis.com,Male,193.235.134.72
59,Omar,Muglestone,omuglestone1m@sbwire.com,Male,163.126.82.22
60,Toby,Dabnot,tdabnot1n@jimdo.com,Male,250.248.197.26
61,Dwayne,Hryskiewicz,dhryskiewicz1o@webmd.com,Male,108.49.231.5
62,Britteny,Blaxter,bblaxter1p@taobao.com,Female,58.213.109.36
63,Dominick,Sandes,dsandes1q@salon.com,Male,212.21.198.178
64,Archibold,Nellies,anellies1r@wp.com,Male,253.127.221.32
65,Louise,Summers,lsummers1s@businessweek.com,Female,107.128.146.194
66,Lambert,Stearns,lstearns1t@dot.gov,Male,80.5.158.19
67,Garrard,Killough,gkillough1u@stanford.edu,Male,74.55.205.83
68,Madalyn,Karle,mkarle1v@china.com.cn,Female,166.128.107.153
69,Fidelio,Doring,fdoring1w@qq.com,Male,52.97.138.112
70,Adelaide,Rolling,arolling1x@microsoft.com,Female,40.121.251.207
71,Liva,Landeg,llandeg1y@meetup.com,Female,214.207.84.228
72,Saw,Mackiewicz,smackiewicz1z@issuu.com,Male,135.157.213.38
73,Tarrance,Bonnette,tbonnette20@google.pl,Male,117.241.224.111
74,Siana,Binfield,sbinfield21@merriam-webster.com,Female,203.44.5.187
75,Lynett,Geroldi,lgeroldi22@noaa.gov,Female,219.5.135.247
76,Alfons,Benez,abenez23@bloglines.com,Male,169.88.170.5
77,Gabi,Orchart,gorchart24@uol.com.br,Male,178.252.111.231
78,Latrena,Zeplin,lzeplin25@g.co,Female,45.145.69.31
79,Elwyn,Grevel,egrevel26@vkontakte.ru,Male,225.157.171.207
80,Thebault,Cree,tcree27@yellowbook.com,Male,150.59.67.182
81,Thorvald,Spellacey,tspellacey28@cnbc.com,Male,48.241.201.222
82,Arabele,Disbrey,adisbrey29@adobe.com,Female,75.42.45.133
83,Mycah,Dani,mdani2a@nps.gov,Male,254.156.110.210
84,Janeen,MacBean,jmacbean2b@slate.com,Female,149.71.126.145
85,Fax,Spinella,fspinella2c@histats.com,Male,173.74.165.168
86,Killian,Kwiek,kkwiek2d@wufoo.com,Male,48.250.96.243
87,Patricio,Troth,ptroth2e@ebay.co.uk,Male,84.26.157.29
88,Analise,Coverdill,acoverdill2f@furl.net,Female,1.15.84.61
89,Foss,Skrine,fskrine2g@disqus.com,Male,12.100.168.166
90,Frederique,Gilkes,fgilkes2h@paginegialle.it,Female,241.93.85.190
91,Timotheus,Ritmeier,tritmeier2i@usnews.com,Male,50.48.218.25
92,Cherie,Cockerell,ccockerell2j@prweb.com,Female,153.140.73.174
93,Laverna,Ciccetti,lciccetti2k@oakley.com,Female,200.9.194.107
94,Lauren,Cooley,lcooley2l@yolasite.com,Female,254.209.19.153
95,Shanda,Rylett,srylett2m@boston.com,Female,23.102.112.1
96,Seward,Middiff,smiddiff2n@cornell.edu,Male,196.151.127.98
97,Albertina,McLean,amclean2o@apache.org,Female,168.109.116.254
98,Addi,Pizey,apizey2p@berkeley.edu,Female,239.118.224.122
99,Constantia,Fliege,cfliege2q@posterous.com,Female,211.192.98.221
100,Katinka,Ordemann,kordemann2r@shop-pro.jp,Female,126.195.45.147
101,Coletta,Baythrop,cbaythrop2s@tumblr.com,Female,153.187.99.96
102,Merna,Bourke,mbourke2t@ox.ac.uk,Female,166.114.78.157
103,Bearnard,McCrisken,bmccrisken2u@guardian.co.uk,Male,58.13.138.245
104,Bud,Bravery,bbravery2v@oaic.gov.au,Male,159.248.246.165
105,Killie,Liepins,kliepins2w@google.fr,Male,108.158.255.137
106,Jamaal,Cowdrey,jcowdrey2x@unc.edu,Male,115.175.16.83
107,Franciskus,Morilla,fmorilla2y@rambler.ru,Male,90.181.245.2
108,Lorrin,Panketh,lpanketh2z@amazon.co.uk,Female,57.158.6.217
109,Lishe,Penhaligon,lpenhaligon30@istockphoto.com,Female,136.133.208.195
110,Odele,Topes,otopes31@whitehouse.gov,Female,101.166.239.6
111,Montague,LAbbet,mlabbet32@sphinn.com,Male,215.9.63.244
112,Karil,Studman,kstudman33@cnn.com,Female,64.65.250.121
113,Weston,Janssen,wjanssen34@msn.com,Male,111.154.36.23
114,Matthieu,Lesper,mlesper35@jiathis.com,Male,70.211.100.207
115,Lurleen,De la Feld,ldelafeld36@census.gov,Female,29.221.213.110
116,Nikos,Aguirrezabala,naguirrezabala37@prlog.org,Male,218.97.161.114
117,Lance,Lumb,llumb38@alibaba.com,Male,57.222.219.195
118,Kameko,Stote,kstote39@shinystat.com,Female,225.224.64.59
119,Pasquale,Acarson,pacarson3a@hud.gov,Male,165.55.100.164
120,Wilek,Birbeck,wbirbeck3b@squarespace.com,Male,38.192.46.40
121,Goober,Hardwich,ghardwich3c@canalblog.com,Male,90.18.41.208
122,Kip,Faireclough,kfaireclough3d@1und1.de,Male,119.140.160.121
123,Luce,Burwin,lburwin3e@weebly.com,Male,200.106.140.29
124,Biddy,Bickerdicke,bbickerdicke3f@imgur.com,Female,90.96.69.212
125,Jourdan,Yankishin,jyankishin3g@ftc.gov,Female,146.34.207.9
126,Adolphe,Spatarul,aspatarul3h@amazon.co.jp,Male,178.83.233.24
127,Pauly,Scawn,pscawn3i@bbb.org,Female,129.192.195.63
128,Clareta,Devin,cdevin3j@wikimedia.org,Female,120.23.94.34
129,Alphard,Wickson,awickson3k@opensource.org,Male,135.197.134.144
130,Cherlyn,Longley,clongley3l@buzzfeed.com,Female,75.53.203.113
131,Rem,Cade,rcade3m@dell.com,Male,160.133.43.18
132,Osbert,Okeshott,ookeshott3n@goodreads.com,Male,218.10.50.116
133,Hattie,Pautot,hpautot3o@hp.com,Female,92.142.94.213
134,Matias,Rohlfing,mrohlfing3p@hugedomains.com,Male,173.200.106.241
135,Maryjane,De Morena,mdemorena3q@vk.com,Female,227.0.1.140
136,Brandi,Talboy,btalboy3r@prlog.org,Female,96.240.255.135
137,Eulalie,Padwick,epadwick3s@google.it,Female,184.201.139.152
138,Shari,Millington,smillington3t@engadget.com,Female,226.139.27.241
139,Malanie,Thain,mthain3u@yale.edu,Female,4.26.1.109
140,Liam,Mark,lmark3v@vistaprint.com,Male,95.152.229.207
141,Caryl,Benard,cbenard3w@shutterfly.com,Male,172.250.243.23
142,Kelcie,Peedell,kpeedell3x@merriam-webster.com,Female,173.138.66.192
143,Joyan,Dogerty,jdogerty3y@bluehost.com,Female,250.180.158.8
144,Braden,McTague,bmctague3z@fda.gov,Male,200.15.177.242
145,Bruce,McMichell,bmcmichell40@oracle.com,Male,98.235.185.216
146,Josepha,Varnes,jvarnes41@nasa.gov,Female,16.201.178.163
147,Luke,Schooling,lschooling42@prlog.org,Male,21.107.10.57
148,Cesar,Thomelin,cthomelin43@google.com,Male,161.206.15.78
149,Jocelyne,Skitteral,jskitteral44@vkontakte.ru,Female,55.253.120.214
150,Ferne,Puddephatt,fpuddephatt45@fastcompany.com,Female,54.157.91.110
151,Ursula,O'Heaney,uoheaney46@boston.com,Female,146.96.18.54
152,Alexei,Amer,aamer47@stanford.edu,Male,169.38.11.97
153,Nicoli,McKirton,nmckirton48@vinaora.com,Female,18.220.104.247
154,Bibi,Lippitt,blippitt49@twitter.com,Female,119.187.114.83
155,Kimberley,Tortice,ktortice4a@scribd.com,Female,53.236.117.180
156,Janetta,Ellison,jellison4b@toplist.cz,Female,51.85.151.166
157,Edgard,McGiffin,emcgiffin4c@sciencedaily.com,Male,158.211.37.22
158,Melisent,Vannikov,mvannikov4d@earthlink.net,Female,157.174.244.226
159,Barth,Garraway,bgarraway4e@so-net.ne.jp,Male,87.83.75.37
160,Katie,Roan,kroan4f@infoseek.co.jp,Female,25.151.58.196
161,Gianina,Griniov,ggriniov4g@taobao.com,Female,163.43.17.222
162,Joice,Reinhart,jreinhart4h@home.pl,Female,222.171.202.62
163,Cassie,Lapslie,clapslie4i@wikia.com,Male,58.117.206.51
164,Griffin,Croke,gcroke4j@canalblog.com,Male,156.173.181.48
165,Faustine,McEttigen,fmcettigen4k@joomla.org,Female,162.204.70.206
166,See,Knightsbridge,sknightsbridge4l@last.fm,Male,78.208.135.106
167,Rosco,Le Breton De La Vieuville,rlebretondelavieuville4m@so-net.ne.jp,Male,241.44.223.63
168,Joana,Aspinal,jaspinal4n@sogou.com,Female,170.139.202.77
169,Purcell,Yakhin,pyakhin4o@ibm.com,Male,84.72.207.36
170,Carilyn,Stow,cstow4p@businesswire.com,Female,251.116.122.29
171,Tammy,Seyler,tseyler4q@amazon.co.uk,Male,241.113.241.144
172,Amelie,Bussell,abussell4r@nsw.gov.au,Female,69.111.217.70
173,Monte,Di Ruggiero,mdiruggiero4s@hhs.gov,Male,167.169.232.113
174,Felice,Pretley,fpretley4t@infoseek.co.jp,Male,146.208.23.167
175,Merrill,O'Shevlan,moshevlan4u@upenn.edu,Male,74.14.39.57
176,Mickey,Crowdson,mcrowdson4v@seesaa.net,Male,134.160.153.218
177,Giff,Loftie,gloftie4w@gizmodo.com,Male,220.79.213.248
178,Archy,Schubert,aschubert4x@google.ca,Male,129.80.221.176
179,Rock,Astill,rastill4y@deliciousdays.com,Male,78.84.221.196
180,Kerry,Brownhall,kbrownhall4z@themeforest.net,Female,77.233.236.248
181,Hieronymus,Cheake,hcheake50@mysql.com,Male,169.10.233.199
182,Dell,Butting,dbutting51@japanpost.jp,Male,130.228.21.247
183,See,Laity,slaity52@issuu.com,Male,114.197.55.95
184,Charita,Goodier,cgoodier53@google.fr,Female,36.171.111.212
185,Neel,Kendrick,nkendrick54@icio.us,Male,27.60.16.187
186,Stephie,Bielby,sbielby55@ted.com,Female,161.177.202.89
187,Wenonah,Regitz,wregitz56@hibu.com,Female,237.247.194.201
188,Marti,Ipgrave,mipgrave57@fda.gov,Female,136.21.112.25
189,Alix,Van Oort,avanoort58@yahoo.com,Female,58.69.197.129
190,Oralla,Vasiljevic,ovasiljevic59@comcast.net,Female,251.113.236.95
191,Putnam,Beauchop,pbeauchop5a@mac.com,Male,137.154.76.97
192,Isidora,Ollenbuttel,iollenbuttel5b@networksolutions.com,Female,212.187.176.158
193,Gan,Wickersham,gwickersham5c@homestead.com,Male,242.44.84.51
194,Brock,Pincott,bpincott5d@economist.com,Male,229.255.211.27
195,Dyane,Aidler,daidler5e@adobe.com,Female,83.24.125.130
196,Tate,Nockles,tnockles5f@bbc.co.uk,Female,171.15.6.15
197,Adrea,Maccrea,amaccrea5g@cdc.gov,Female,53.174.23.214
198,Gibbie,Crinion,gcrinion5h@ifeng.com,Male,204.55.80.181
199,Philbert,Baert,pbaert5i@dailymail.co.uk,Male,0.91.144.251
200,Giustino,Semmens,gsemmens5j@google.com.au,Male,202.116.239.108
201,Susie,Ennals,sennals5k@cocolog-nifty.com,Female,0.135.145.104
202,Alistair,Gynne,agynne5l@skype.com,Male,24.164.129.34
203,Alano,Sneesby,asneesby5m@cornell.edu,Male,92.159.209.130
204,Powell,Keppie,pkeppie5n@goo.gl,Male,103.11.205.234
205,Cooper,Younie,cyounie5o@ted.com,Male,53.186.103.161
206,Ezri,Pettigrew,epettigrew5p@about.me,Male,27.70.98.95
207,Arabelle,Nerger,anerger5q@example.com,Female,77.64.67.88
208,Kendell,Hessing,khessing5r@printfriendly.com,Male,185.211.226.224
209,Fayette,McGinlay,fmcginlay5s@arizona.edu,Female,138.180.118.205
210,Leeland,Fritter,lfritter5t@vimeo.com,Male,59.128.66.152
211,Aylmar,Hanks,ahanks5u@miitbeian.gov.cn,Male,144.108.5.146
212,Rhys,Slater,rslater5v@usa.gov,Male,35.80.136.140
213,Marcelline,Dunphie,mdunphie5w@umich.edu,Female,32.89.160.166
214,Constancy,Gowar,cgowar5x@marketwatch.com,Female,116.29.187.255
215,Cinnamon,Newlands,cnewlands5y@icq.com,Female,210.122.107.178
216,Laurel,Wasteney,lwasteney5z@amazon.de,Female,206.58.65.45
217,Timofei,Inott,tinott60@fda.gov,Male,245.6.251.200
218,Inigo,Knowlys,iknowlys61@economist.com,Male,64.146.93.37
219,Sonia,Phaup,sphaup62@tinyurl.com,Female,205.15.74.198
220,Todd,Shepley,tshepley63@tinypic.com,Male,5.130.216.61
221,Kenny,D'Agostini,kdagostini64@cornell.edu,Male,33.50.191.124
222,Dre,Mallison,dmallison65@state.tx.us,Female,209.144.70.47
223,Wilmette,Eagar,weagar66@omniture.com,Female,77.70.42.98
224,Batholomew,Commins,bcommins67@hatena.ne.jp,Male,193.73.112.99
225,Tove,Moylan,tmoylan68@ycombinator.com,Female,65.53.132.1
226,Leia,Circuitt,lcircuitt69@privacy.gov.au,Female,81.39.35.206
227,Marve,Fawckner,mfawckner6a@bbb.org,Male,158.139.39.102
228,Whittaker,Heball,wheball6b@fotki.com,Male,252.231.141.194
229,Almeta,Schimann,aschimann6c@narod.ru,Female,132.236.74.198
230,Eleni,Hayller,ehayller6d@ihg.com,Female,230.161.55.102
231,Elie,Goddard,egoddard6e@statcounter.com,Female,111.95.93.178
232,Hayden,Whittleton,hwhittleton6f@fema.gov,Male,199.37.148.134
233,Graig,Stuchburie,gstuchburie6g@51.la,Male,150.97.251.200
234,Hashim,Thundercliffe,hthundercliffe6h@ezinearticles.com,Male,231.119.203.54
235,Kin,Blowen,kblowen6i@behance.net,Male,230.130.74.149
236,Titos,Harnett,tharnett6j@sogou.com,Male,219.165.244.129
237,Lorianna,Parken,lparken6k@about.com,Female,83.166.30.73
238,Trula,Bulloch,tbulloch6l@privacy.gov.au,Female,48.43.198.241
239,Dinny,Northcott,dnorthcott6m@theglobeandmail.com,Female,52.163.84.113
240,Emmott,Crosetto,ecrosetto6n@boston.com,Male,208.189.108.167
241,Filip,Coule,fcoule6o@drupal.org,Male,176.108.92.84
242,Stephen,Coslitt,scoslitt6p@addtoany.com,Male,126.66.65.228
243,Morgan,Niemiec,mniemiec6q@dailymotion.com,Male,205.239.100.84
244,Desmund,Osipov,dosipov6r@meetup.com,Male,189.39.48.179
245,Jeff,Haffner,jhaffner6s@dropbox.com,Male,30.10.236.115
246,Melli,Wynn,mwynn6t@hubpages.com,Female,9.243.224.38
247,Carling,Hanscombe,chanscombe6u@guardian.co.uk,Male,122.133.245.168
248,Bing,Danneil,bdanneil6v@constantcontact.com,Male,235.130.13.28
249,Clementius,Roseaman,croseaman6w@linkedin.com,Male,140.73.93.161
250,Yuri,Esby,yesby6x@merriam-webster.com,Male,133.133.113.204
251,Riva,Haselden,rhaselden6y@answers.com,Female,91.163.189.149
252,Margit,Flattman,mflattman6z@indiegogo.com,Female,248.14.234.82
253,Griselda,Avard,gavard70@constantcontact.com,Female,127.104.173.193
254,Harris,Jentgens,hjentgens71@1688.com,Male,215.93.219.255
255,Korrie,Apthorpe,kapthorpe72@arstechnica.com,Female,136.185.248.122
256,Belicia,Balhatchet,bbalhatchet73@icq.com,Female,17.23.68.79
257,Cindee,Hardiker,chardiker74@scribd.com,Female,50.110.121.178
258,Temple,Dabrowski,tdabrowski75@un.org,Male,121.89.162.178
259,Devina,Maryott,dmaryott76@example.com,Female,65.139.30.12
260,Patten,Gawith,pgawith77@narod.ru,Male,46.4.205.188
261,Zora,Gauge,zgauge78@cnbc.com,Female,8.139.73.53
262,Paula,Belleny,pbelleny79@is.gd,Female,175.157.24.79
263,Bevvy,Allcorn,ballcorn7a@facebook.com,Female,194.19.231.8
264,Aretha,Chamney,achamney7b@mysql.com,Female,231.79.108.151
265,Heloise,Bicker,hbicker7c@time.com,Female,155.74.226.218
266,Tabbatha,Convery,tconvery7d@xing.com,Female,198.198.229.89
267,Legra,Offer,loffer7e@auda.org.au,Female,35.139.106.30
268,Trina,Haughan,thaughan7f@squarespace.com,Female,218.53.82.36
269,Alysia,Simes,asimes7g@meetup.com,Female,239.152.236.168
270,Milzie,Tasch,mtasch7h@ifeng.com,Female,82.88.127.7
271,Clevey,Cardall,ccardall7i@facebook.com,Male,198.110.194.55
272,Abelard,Heddy,aheddy7j@jigsy.com,Male,141.200.215.201
273,Dalila,Veryan,dveryan7k@guardian.co.uk,Female,186.51.127.165
274,Cyndia,Forbear,cforbear7l@deliciousdays.com,Female,2.182.22.182
275,Parsifal,Ethelston,pethelston7m@shinystat.com,Male,161.90.57.66
276,Glennie,Manifold,gmanifold7n@nasa.gov,Female,166.70.53.157
277,Kennie,O'Lunney,kolunney7o@last.fm,Male,116.145.241.38
278,Ashly,Tythe,atythe7p@godaddy.com,Female,50.154.249.226
279,Caldwell,Champneys,cchampneys7q@mozilla.org,Male,59.230.54.234
280,Linnet,Dreher,ldreher7r@comsenz.com,Female,98.85.110.57
281,Rafa,Ridgers,rridgers7s@umn.edu,Female,117.85.9.45
282,Janine,Routley,jroutley7t@diigo.com,Female,165.0.245.254
283,Joana,Cobley,jcobley7u@msn.com,Female,75.238.228.44
284,Estrellita,Milliere,emilliere7v@linkedin.com,Female,46.141.57.192
285,Virgie,Merriman,vmerriman7w@pagesperso-orange.fr,Male,223.76.150.147
286,Paddie,Forestel,pforestel7x@vistaprint.com,Male,218.164.77.171
287,Genvieve,Daggett,gdaggett7y@chron.com,Female,5.49.184.177
288,Symon,Mabb,smabb7z@examiner.com,Male,119.134.88.122
289,Forrester,Jerisch,fjerisch80@blogger.com,Male,60.234.154.4
290,Merrile,Yukhnevich,myukhnevich81@cpanel.net,Female,47.157.89.151
291,Enid,Heeron,eheeron82@amazon.co.jp,Female,211.149.226.169
292,Rosabelle,Matteoli,rmatteoli83@qq.com,Female,119.130.219.68
293,Rubie,Staines,rstaines84@cargocollective.com,Female,218.3.192.169
294,Dominic,Guierre,dguierre85@so-net.ne.jp,Male,27.41.134.75
295,Mano,Fosse,mfosse86@desdev.cn,Male,154.165.220.85
296,Con,Fishley,cfishley87@feedburner.com,Female,111.214.62.134
297,Binky,Kench,bkench88@cafepress.com,Male,35.92.158.119
298,Berte,MacGhee,bmacghee89@ucsd.edu,Female,216.176.107.196
299,Meggy,Spurier,mspurier8a@ocn.ne.jp,Female,131.190.149.35
300,Jaine,Koppke,jkoppke8b@mtv.com,Female,239.202.154.200
301,Kathlin,Henker,khenker8c@nyu.edu,Female,2.169.202.253
302,Luciana,Pearch,lpearch8d@amazon.com,Female,59.151.82.236
303,Kris,Lightoller,klightoller8e@blog.com,Male,249.31.5.38
304,Carl,Olorenshaw,colorenshaw8f@yahoo.com,Male,156.245.43.180
305,Stanley,Silverstone,ssilverstone8g@utexas.edu,Male,183.228.22.69
306,Audrie,Borleace,aborleace8h@diigo.com,Female,190.1.140.143
307,Hodge,Beche,hbeche8i@sciencedaily.com,Male,52.212.47.13
308,Kristen,Loukes,kloukes8j@dailymail.co.uk,Female,252.11.95.78
309,Theresina,Tipler,ttipler8k@shinystat.com,Female,120.139.82.142
310,Terrill,Culmer,tculmer8l@wikimedia.org,Male,17.80.165.228
311,Lian,O'Nolan,lonolan8m@cargocollective.com,Female,11.140.143.236
312,Bentley,Gearing,bgearing8n@harvard.edu,Male,213.5.124.100
313,Pacorro,Capelle,pcapelle8o@infoseek.co.jp,Male,168.243.214.244
314,Rob,Sidwick,rsidwick8p@ask.com,Male,128.125.60.25
315,Garrek,Sutworth,gsutworth8q@rediff.com,Male,105.52.109.49
316,Mona,Schwandner,mschwandner8r@hhs.gov,Female,100.243.124.139
317,Oates,Enser,oenser8s@bbc.co.uk,Male,195.202.234.24
318,Arabele,Niessen,aniessen8t@cbc.ca,Female,26.17.251.104
319,Brod,Martinho,bmartinho8u@nbcnews.com,Male,152.130.113.249
320,Guendolen,Wragg,gwragg8v@foxnews.com,Female,179.77.126.126
321,Libbie,Climar,lclimar8w@ask.com,Female,126.58.81.77
322,Brandy,Goodinge,bgoodinge8x@google.com.au,Female,34.250.241.185
323,Dal,Egdal,degdal8y@netscape.com,Male,26.211.215.41
324,Deedee,Adnett,dadnett8z@europa.eu,Female,136.150.89.122
325,Jaymie,Makey,jmakey90@icq.com,Male,248.83.215.10
326,Katherina,Gherardi,kgherardi91@blogspot.com,Female,67.90.250.9
327,Rolph,Rodd,rrodd92@elpais.com,Male,106.14.84.198
328,Morgan,Summergill,msummergill93@g.co,Female,78.229.215.114
329,Caitlin,Brewood,cbrewood94@shutterfly.com,Female,234.194.226.216
330,Carina,Butters,cbutters95@unicef.org,Female,8.249.22.179
331,Rurik,Goldsmith,rgoldsmith96@telegraph.co.uk,Male,239.135.64.227
332,Maximilian,Pole,mpole97@springer.com,Male,92.160.247.3
333,Gray,Tole,gtole98@homestead.com,Male,26.12.73.245
334,Cordi,Kilmartin,ckilmartin99@edublogs.org,Female,27.14.190.115
335,Ree,Backe,rbacke9a@diigo.com,Female,69.51.21.177
336,Colby,Jozef,cjozef9b@trellian.com,Male,45.44.167.138
337,Delcina,Henden,dhenden9c@latimes.com,Female,100.107.98.255
338,Derk,Franies,dfranies9d@noaa.gov,Male,105.241.47.42
339,Zebulen,Remer,zremer9e@tumblr.com,Male,163.120.107.136
340,Cristionna,Barkas,cbarkas9f@bloomberg.com,Female,32.104.222.250
341,Julianna,Iozefovich,jiozefovich9g@godaddy.com,Female,43.87.31.207
342,Allene,Kittley,akittley9h@reddit.com,Female,226.142.155.197
343,Alix,Cadwallader,acadwallader9i@smh.com.au,Female,152.237.60.18
344,Paula,Ligoe,pligoe9j@gravatar.com,Female,30.41.90.77
345,Reggis,Sieve,rsieve9k@yahoo.com,Male,112.251.1.246
346,Ernst,Beri,eberi9l@cam.ac.uk,Male,135.60.216.115
347,Yank,Physick,yphysick9m@com.com,Male,166.115.210.80
348,Mallorie,Bartelli,mbartelli9n@bizjournals.com,Female,158.96.220.164
349,Linnea,Kobierra,lkobierra9o@geocities.jp,Female,151.4.112.230
350,Giulio,Chatterton,gchatterton9p@archive.org,Male,94.172.94.159
351,Pasquale,Blest,pblest9q@addthis.com,Male,248.103.103.94
352,Roxy,Smickle,rsmickle9r@networkadvertising.org,Female,17.217.228.232
353,Krystyna,Duckham,kduckham9s@nsw.gov.au,Female,157.28.108.84
354,Tate,Gullen,tgullen9t@mashable.com,Male,126.255.31.134
355,Dotti,Corbie,dcorbie9u@com.com,Female,18.115.77.76
356,Jerrold,Durman,jdurman9v@howstuffworks.com,Male,226.236.249.169
357,Maribeth,Burder,mburder9w@youtu.be,Female,51.13.145.92
358,Leonie,Bottell,lbottell9x@geocities.com,Female,37.221.111.225
359,Weidar,Marvell,wmarvell9y@hubpages.com,Male,116.76.100.65
360,Lesly,Corhard,lcorhard9z@squidoo.com,Female,13.239.131.114
361,Celina,Cristou,ccristoua0@salon.com,Female,118.221.140.85
362,Boycie,Scuse,bscusea1@gmpg.org,Male,111.135.74.117
363,Gaspar,Bethel,gbethela2@cbc.ca,Male,204.193.35.27
364,Marchall,Delacourt,mdelacourta3@indiegogo.com,Male,175.232.192.177
365,Caterina,Kenward,ckenwarda4@whitehouse.gov,Female,245.218.173.201
366,Boony,Finlaison,bfinlaisona5@yelp.com,Male,228.128.151.16
367,Burnaby,Wilford,bwilforda6@hud.gov,Male,219.150.16.186
368,Casey,Barme,cbarmea7@example.com,Female,157.172.155.8
369,Fredelia,Siegertsz,fsiegertsza8@hc360.com,Female,147.80.230.175
370,Flynn,Kinnerk,fkinnerka9@toplist.cz,Male,78.177.190.47
371,Jonas,Mitchelhill,jmitchelhillaa@engadget.com,Male,246.28.203.215
372,Sigismond,Waples,swaplesab@merriam-webster.com,Male,86.52.7.126
373,Armin,Yakubovich,ayakubovichac@businesswire.com,Male,254.173.94.54
374,Kanya,Greendale,kgreendalead@zdnet.com,Female,183.103.84.121
375,Kessiah,Farrow,kfarrowae@google.pl,Female,125.132.152.183
376,Hortensia,McCaughey,hmccaugheyaf@npr.org,Female,1.219.245.128
377,Wallie,Cauldwell,wcauldwellag@vk.com,Female,155.254.219.14
378,Sheilah,Gorusso,sgorussoah@arstechnica.com,Female,231.76.54.162
379,Reider,Broschek,rbroschekai@who.int,Male,103.185.182.186
380,Linn,de Mullett,ldemullettaj@virginia.edu,Female,211.127.58.208
381,Jayme,Print,jprintak@cyberchimps.com,Female,36.189.13.199
382,Wesley,Klewer,wkleweral@stumbleupon.com,Male,253.23.245.182
383,Ediva,Corah,ecoraham@youtu.be,Female,11.197.152.94
384,Kassie,Varran,kvarranan@networkadvertising.org,Female,115.17.204.67
385,Ellyn,Pleace,epleaceao@youku.com,Female,161.69.134.100
386,Margalo,Chrippes,mchrippesap@wsj.com,Female,141.116.79.66
387,Sydney,Huggen,shuggenaq@ihg.com,Male,232.52.92.183
388,Adel,Josefer,ajoseferar@cpanel.net,Female,36.61.12.157
389,Bern,Ochterlony,bochterlonyas@is.gd,Male,221.74.172.120
390,Jennifer,Risman,jrismanat@reddit.com,Female,114.135.254.39
391,Rori,Alejo,ralejoau@google.com.hk,Female,167.129.187.228
392,Benny,Alibone,baliboneav@shinystat.com,Female,139.193.159.165
393,Briano,Elintune,belintuneaw@cargocollective.com,Male,233.119.179.194
394,Shayne,Ashurst,sashurstax@etsy.com,Female,63.37.164.32
395,Lisbeth,Bushrod,lbushroday@gravatar.com,Female,99.9.83.6
396,Dyana,Kenningham,dkenninghamaz@jalbum.net,Female,150.93.114.85
397,Hurlee,Scothron,hscothronb0@pen.io,Male,225.241.19.10
398,Humberto,Dyerson,hdyersonb1@reverbnation.com,Male,127.32.106.154
399,Gerri,Jerosch,gjeroschb2@odnoklassniki.ru,Female,238.31.228.213
400,Desiri,Prigmore,dprigmoreb3@aol.com,Female,76.172.95.66
401,Marve,McCrostie,mmccrostieb4@examiner.com,Male,163.164.31.149
402,Ardeen,Dummigan,adummiganb5@ow.ly,Female,77.133.72.23
403,Ricki,Tarrier,rtarrierb6@chronoengine.com,Male,110.97.91.45
404,Gus,Prandin,gprandinb7@oaic.gov.au,Female,134.201.188.132
405,Wilona,Dunsire,wdunsireb8@ftc.gov,Female,146.38.70.99
406,Grazia,Maypother,gmaypotherb9@nymag.com,Female,153.105.117.175
407,Velma,Knok,vknokba@e-recht24.de,Female,130.205.37.104
408,Isak,Vondrach,ivondrachbb@myspace.com,Male,7.143.162.66
409,Valenka,Josskowitz,vjosskowitzbc@yellowpages.com,Female,173.63.168.194
410,Gayle,Channer,gchannerbd@admin.ch,Female,172.203.208.184
411,Dianna,Easom,deasombe@arstechnica.com,Female,53.145.59.154
412,Linc,Moquin,lmoquinbf@unesco.org,Male,244.134.73.246
413,Sibley,Gleave,sgleavebg@creativecommons.org,Female,183.222.15.182
414,Malina,Nazer,mnazerbh@webs.com,Female,41.22.167.20
415,Phillie,Grills,pgrillsbi@mapy.cz,Female,106.142.45.111
416,Flory,Tooher,ftooherbj@liveinternet.ru,Female,96.243.26.163
417,Case,Tapley,ctapleybk@devhub.com,Male,96.65.24.46
418,Jori,Skynner,jskynnerbl@newyorker.com,Female,35.135.252.30
419,Francisco,Shardlow,fshardlowbm@blogtalkradio.com,Male,223.22.241.95
420,Gaven,George,ggeorgebn@cdc.gov,Male,80.100.47.43
421,Lynnette,Condon,lcondonbo@harvard.edu,Female,247.10.148.15
422,Hi,Le Claire,hleclairebp@phoca.cz,Male,192.46.251.33
423,Kandy,Ixor,kixorbq@disqus.com,Female,253.103.121.20
424,Marilee,Bortolazzi,mbortolazzibr@fc2.com,Female,114.196.76.76
425,Malachi,De Malchar,mdemalcharbs@lulu.com,Male,124.45.169.162
426,Humberto,Geaves,hgeavesbt@pagesperso-orange.fr,Male,169.67.237.64
427,Brook,Brownell,bbrownellbu@networksolutions.com,Female,52.153.94.72
428,Clarie,Nickolls,cnickollsbv@etsy.com,Female,141.234.188.159
429,Hallsy,Somerton,hsomertonbw@taobao.com,Male,137.200.87.45
430,Philipa,Fursland,pfurslandbx@alexa.com,Female,42.4.173.26
431,Frankie,Yelland,fyellandby@nps.gov,Female,152.47.72.84
432,Brok,Houchin,bhouchinbz@cloudflare.com,Male,16.9.11.99
433,Marve,Gurry,mgurryc0@apache.org,Male,187.129.81.133
434,Web,Francklyn,wfrancklync1@google.cn,Male,189.164.56.36
435,Prudence,Scipsey,pscipseyc2@tripadvisor.com,Female,100.68.239.59
436,Erminia,Van Schafflaer,evanschafflaerc3@hud.gov,Female,160.158.110.56
437,Jackquelin,Dilland,jdillandc4@networksolutions.com,Female,112.121.51.225
438,Ximenes,Bygrave,xbygravec5@dagondesign.com,Male,60.241.11.160
439,Theodoric,Grishelyov,tgrishelyovc6@prlog.org,Male,217.139.229.136
440,Erasmus,Battey,ebatteyc7@nasa.gov,Male,72.9.126.44
441,Mannie,Szymaniak,mszymaniakc8@taobao.com,Male,206.97.164.85
442,Bari,Salvin,bsalvinc9@example.com,Female,112.237.209.222
443,Shelagh,Lamping,slampingca@nymag.com,Female,120.75.21.117
444,Tore,Luscombe,tluscombecb@smh.com.au,Male,229.230.2.177
445,Laurent,O'Sharry,losharrycc@merriam-webster.com,Male,229.46.115.199
446,Jourdain,Roubottom,jroubottomcd@va.gov,Male,225.247.233.205
447,Selestina,Polfer,spolferce@yahoo.co.jp,Female,242.146.199.229
448,Aldo,Mountain,amountaincf@statcounter.com,Male,188.120.30.205
449,Arlen,Trice,atricecg@hubpages.com,Female,202.123.136.140
450,Clair,Pellew,cpellewch@trellian.com,Female,29.155.191.143
451,Garrard,Schooling,gschoolingci@bloomberg.com,Male,233.200.88.139
452,Ab,Offen,aoffencj@ca.gov,Male,36.68.8.24
453,Terra,Bimson,tbimsonck@yellowpages.com,Female,22.33.240.10
454,Kacie,Catchpole,kcatchpolecl@51.la,Female,162.146.16.7
455,Carie,Orkney,corkneycm@mail.ru,Female,155.92.243.81
456,Peterus,Peever,ppeevercn@xing.com,Male,98.191.37.34
457,Hewe,Joselevitch,hjoselevitchco@foxnews.com,Male,29.111.232.47
458,Selma,Philpots,sphilpotscp@walmart.com,Female,146.3.127.175
459,Fielding,Zecchinelli,fzecchinellicq@ftc.gov,Male,44.174.112.7
460,Davida,Byrde,dbyrdecr@examiner.com,Female,154.84.220.76
461,Lynette,Gorgen,lgorgencs@163.com,Female,230.243.236.177
462,Morgun,Slyme,mslymect@123-reg.co.uk,Male,160.58.13.15
463,Artair,Upwood,aupwoodcu@irs.gov,Male,40.108.206.236
464,Monika,Maurice,mmauricecv@house.gov,Female,233.22.253.73
465,Hadrian,Karus,hkaruscw@51.la,Male,203.233.29.170
466,Tamas,Claw,tclawcx@wikipedia.org,Male,253.213.130.248
467,Colette,Sandbatch,csandbatchcy@omniture.com,Female,199.35.131.114
468,Lisa,Wakeford,lwakefordcz@blogger.com,Female,123.55.9.178
469,Devon,Quilligan,dquilligand0@list-manage.com,Female,186.241.51.200
470,Rubetta,Arblaster,rarblasterd1@usatoday.com,Female,153.221.242.69
471,Etti,Pay,epayd2@vistaprint.com,Female,65.0.198.12
472,Judi,Bridgwater,jbridgwaterd3@ucoz.ru,Female,35.181.73.156
473,Kassie,Tuck,ktuckd4@prnewswire.com,Female,84.53.145.121
474,Benson,Mityashin,bmityashind5@globo.com,Male,224.90.214.33
475,Greggory,Jolliff,gjolliffd6@bloglines.com,Male,77.132.159.128
476,Cooper,Hutchin,chutchind7@oracle.com,Male,22.226.68.16
477,Toma,Bozworth,tbozworthd8@nasa.gov,Female,75.190.91.24
478,Olag,Handy,ohandyd9@prweb.com,Male,202.113.58.0
479,Jamill,Frede,jfrededa@bigcartel.com,Male,107.151.162.188
480,Danella,Slavin,dslavindb@google.com,Female,179.17.225.142
481,Biddy,Richardes,brichardesdc@gnu.org,Female,128.210.64.151
482,Cristie,McShane,cmcshanedd@hubpages.com,Female,133.115.175.130
483,Peggy,Sheeres,psheeresde@mit.edu,Female,8.83.55.88
484,Luciana,Lissandri,llissandridf@facebook.com,Female,125.2.221.169
485,Joellyn,Sommerlin,jsommerlindg@blogger.com,Female,70.206.18.11
486,Monika,Ameer-Beg,mameerbegdh@nydailynews.com,Female,67.47.11.172
487,Violetta,Cossum,vcossumdi@samsung.com,Female,225.5.202.76
488,Caitrin,Shinefield,cshinefielddj@diigo.com,Female,121.115.198.97
489,Roland,Halegarth,rhalegarthdk@multiply.com,Male,146.154.26.189
490,Darryl,Curreen,dcurreendl@fotki.com,Male,2.30.115.218
491,Lani,Wintringham,lwintringhamdm@github.io,Female,3.130.100.10
492,Tabbie,Kleinberer,tkleinbererdn@cornell.edu,Female,247.79.5.250
493,Padget,Klink,pklinkdo@issuu.com,Male,7.235.226.224
494,Etti,Angeau,eangeaudp@jalbum.net,Female,115.116.86.18
495,Lawton,Twentyman,ltwentymandq@xing.com,Male,28.78.188.49
496,Roobbie,Hanratty,rhanrattydr@about.me,Female,194.39.182.12
497,Russ,Hamshaw,rhamshawds@pinterest.com,Male,155.222.126.163
498,Else,Le Moucheux,elemoucheuxdt@blogs.com,Female,28.55.8.77
499,Sergent,Bredgeland,sbredgelanddu@comcast.net,Male,82.134.152.102
500,Althea,Moggan,amoggandv@multiply.com,Female,140.96.248.182
501,Rochester,Hufton,rhuftondw@google.nl,Male,114.46.69.183
502,Salome,Boulds,sbouldsdx@wiley.com,Female,3.80.158.177
503,Thomas,Fouracre,tfouracredy@php.net,Male,21.43.219.92
504,Amaleta,Scamel,ascameldz@a8.net,Female,146.240.217.122
505,Lukas,Mingay,lmingaye0@narod.ru,Male,112.128.31.137
506,Bibbie,Broadwood,bbroadwoode1@wufoo.com,Female,70.93.247.111
507,Mellie,Hugueville,mhuguevillee2@prlog.org,Female,137.227.65.27
508,Laughton,Brunetti,lbrunettie3@wp.com,Male,130.106.243.238
509,Kathleen,Musselwhite,kmusselwhitee4@loc.gov,Female,229.223.58.198
510,Mar,Dommerque,mdommerquee5@privacy.gov.au,Male,125.40.37.60
511,Ddene,Grunwald,dgrunwalde6@i2i.jp,Female,241.114.148.29
512,Min,Astlatt,mastlatte7@engadget.com,Female,238.95.81.67
513,Cale,Knell,cknelle8@merriam-webster.com,Male,116.24.32.143
514,Celestyna,Rhelton,crheltone9@epa.gov,Female,171.208.51.241
515,Roderic,Chitham,rchithamea@narod.ru,Male,163.145.3.227
516,Mora,Spendley,mspendleyeb@cnbc.com,Female,227.5.77.15
517,Otto,Ditchburn,oditchburnec@mapy.cz,Male,218.154.175.115
518,Kiley,Aslie,kaslieed@redcross.org,Female,201.143.113.247
519,Randy,Sidnell,rsidnellee@shutterfly.com,Male,102.107.251.186
520,Priscella,Erb,perbef@google.co.uk,Female,80.207.200.229
521,Roselin,Moakler,rmoaklereg@nbcnews.com,Female,202.97.57.135
522,Ronny,Dubarry,rdubarryeh@flavors.me,Male,201.145.74.206
523,Alexander,Byfford,abyffordei@aboutads.info,Male,235.194.189.52
524,Moise,Beeres,mbeeresej@theguardian.com,Male,252.125.251.255
525,Ferdinande,Fireman,ffiremanek@bloglovin.com,Female,235.197.102.235
526,Pansie,Klimuk,pklimukel@ocn.ne.jp,Female,232.118.72.158
527,Patti,Drinkwater,pdrinkwaterem@i2i.jp,Female,38.33.129.55
528,Geordie,Pittson,gpittsonen@flickr.com,Male,222.2.184.0
529,Lemar,Vlies,lvlieseo@cloudflare.com,Male,250.72.167.220
530,Vittorio,Merkle,vmerkleep@nba.com,Male,208.172.143.233
531,Riccardo,Rudinger,rrudingereq@tuttocitta.it,Male,58.200.114.222
532,Glyn,Stuart,gstuarter@hao123.com,Male,107.26.135.166
533,Fredek,Halbert,fhalbertes@chronoengine.com,Male,48.45.137.150
534,Frederick,Orae,foraeet@odnoklassniki.ru,Male,89.183.252.135
535,Gordie,O'Fihillie,gofihillieeu@umn.edu,Male,173.215.100.128
536,Remus,Traut,rtrautev@a8.net,Male,41.199.242.166
537,Winnifred,Bulpitt,wbulpittew@japanpost.jp,Female,126.245.4.138
538,Ansley,Behr,abehrex@dailymotion.com,Female,226.153.122.53
539,Rosabella,Stennett,rstennettey@i2i.jp,Female,75.9.206.64
540,Randy,Kehri,rkehriez@miibeian.gov.cn,Male,24.170.221.165
541,Devland,Caulier,dcaulierf0@cyberchimps.com,Male,57.69.67.178
542,Rufe,Vanichev,rvanichevf1@hibu.com,Male,159.215.100.47
543,Abe,Jablonski,ajablonskif2@aboutads.info,Male,183.59.203.40
544,Mitchael,Garnar,mgarnarf3@ucoz.ru,Male,81.206.133.176
545,Ruthi,Tucsell,rtucsellf4@pcworld.com,Female,226.40.138.74
546,Cameron,Cheesman,ccheesmanf5@disqus.com,Male,83.176.72.194
547,Dallis,Ortiger,dortigerf6@1688.com,Male,185.186.219.241
548,Caryl,Weekly,cweeklyf7@ca.gov,Male,97.187.135.195
549,Chiquia,Mehmet,cmehmetf8@altervista.org,Female,75.142.103.143
550,Beatrice,Poetz,bpoetzf9@virginia.edu,Female,194.95.47.231
551,Aurie,Caddies,acaddiesfa@wikimedia.org,Female,198.123.121.234
552,Granger,Van Oord,gvanoordfb@cnet.com,Male,255.61.62.246
553,Gunner,Oloman,golomanfc@list-manage.com,Male,202.239.94.190
554,Lynnea,Monni,lmonnifd@latimes.com,Female,189.247.107.188
555,Tirrell,Cosely,tcoselyfe@gmpg.org,Male,145.158.12.63
556,Tadio,Englishby,tenglishbyff@fastcompany.com,Male,117.87.97.94
557,Tori,Starford,tstarfordfg@paypal.com,Female,154.239.236.126
558,Petra,Ballefant,pballefantfh@sun.com,Female,175.181.8.189
559,Jacquenetta,Sissens,jsissensfi@photobucket.com,Female,136.83.248.251
560,Rolando,Durkin,rdurkinfj@spiegel.de,Male,205.51.135.63
561,Amandi,Peterkin,apeterkinfk@myspace.com,Female,39.126.20.72
562,Stefano,Dewing,sdewingfl@google.com.br,Male,155.67.184.125
563,Lionel,Rehm,lrehmfm@japanpost.jp,Male,67.202.61.140
564,Franklin,Lowles,flowlesfn@addtoany.com,Male,181.97.234.48
565,Nikolos,Ballay,nballayfo@globo.com,Male,215.27.126.238
566,Jaymie,Bricksey,jbrickseyfp@bbb.org,Male,233.24.58.82
567,Jacki,Linneman,jlinnemanfq@tripadvisor.com,Female,191.12.182.239
568,Dick,Ashforth,dashforthfr@mlb.com,Male,191.203.121.107
569,Davis,Decruse,ddecrusefs@wikipedia.org,Male,149.232.124.44
570,Wilmar,Whaymand,wwhaymandft@blogspot.com,Male,119.198.47.93
571,Yoshiko,Arlidge,yarlidgefu@fc2.com,Female,26.114.47.14
572,Alikee,Gingold,agingoldfv@bing.com,Female,238.107.88.205
573,Hanson,Szymczyk,hszymczykfw@ucsd.edu,Male,1.50.177.7
574,Eldredge,Kas,ekasfx@nytimes.com,Male,137.231.15.245
575,Margaretha,Kaygill,mkaygillfy@toplist.cz,Female,104.33.36.143
576,Morgen,Grosvener,mgrosvenerfz@home.pl,Female,40.22.164.174
577,Becky,Daens,bdaensg0@webnode.com,Female,1.212.220.198
578,Evangelina,Nibley,enibleyg1@infoseek.co.jp,Female,123.110.55.186
579,Joannes,Bithell,jbithellg2@fastcompany.com,Female,143.227.62.227
580,Etty,Willoway,ewillowayg3@skyrock.com,Female,88.170.83.99
581,Markus,Wayman,mwaymang4@businesswire.com,Male,197.140.196.45
582,Reggi,Geaves,rgeavesg5@java.com,Female,54.95.130.173
583,Rosamond,Gouldeby,rgouldebyg6@auda.org.au,Female,220.186.221.32
584,Rik,Burrow,rburrowg7@e-recht24.de,Male,207.26.234.21
585,Gabbie,Bootland,gbootlandg8@ehow.com,Male,94.27.228.93
586,Laryssa,Rozalski,lrozalskig9@chron.com,Female,8.143.107.6
587,Willis,Ellsworthe,wellsworthega@zimbio.com,Male,13.221.167.219
588,Friedrick,Glavis,fglavisgb@reverbnation.com,Male,22.21.70.5
589,Pen,Cahalan,pcahalangc@icq.com,Female,76.148.16.54
590,Nataniel,Pezey,npezeygd@bandcamp.com,Male,240.3.253.105
591,Gaultiero,Woolam,gwoolamge@prlog.org,Male,225.25.139.49
592,Candide,Fibbitts,cfibbittsgf@cloudflare.com,Female,179.102.9.222
593,Haily,Camois,hcamoisgg@last.fm,Female,26.199.136.155
594,Mara,Hazlewood,mhazlewoodgh@example.com,Female,157.203.244.11
595,Leia,Tubby,ltubbygi@bloglovin.com,Female,59.26.71.171
596,Jo-ann,Rozet,jrozetgj@toplist.cz,Female,250.19.182.252
597,Patsy,Grealey,pgrealeygk@paypal.com,Female,5.121.71.173
598,Deena,Cozens,dcozensgl@dailymail.co.uk,Female,28.30.211.224
599,Timothee,Apps,tappsgm@purevolume.com,Male,141.53.21.86
600,Krissy,Passion,kpassiongn@smh.com.au,Female,133.70.98.25
601,Marjory,Edison,medisongo@wikimedia.org,Female,204.68.42.240
602,Base,Shillabeare,bshillabearegp@tripadvisor.com,Male,148.93.76.140
603,Baird,Morkham,bmorkhamgq@hao123.com,Male,195.220.254.190
604,Fanny,Moakes,fmoakesgr@dedecms.com,Female,238.164.3.251
605,Berton,Blow,bblowgs@myspace.com,Male,249.191.138.49
606,Melesa,Cawthry,mcawthrygt@marriott.com,Female,68.107.25.217
607,Marietta,Toulmin,mtoulmingu@dagondesign.com,Male,56.37.129.14
608,Alysia,Stowers,astowersgv@cbc.ca,Female,21.30.253.243
609,Kelly,Haselgrove,khaselgrovegw@apache.org,Female,1.212.195.246
610,Samuele,Gilkes,sgilkesgx@sphinn.com,Male,97.172.231.185
611,Dorothy,Maharg,dmaharggy@intel.com,Female,131.233.115.166
612,Elnore,Woolbrook,ewoolbrookgz@prnewswire.com,Female,51.96.143.146
613,Rudie,Pietersma,rpietersmah0@altervista.org,Male,226.177.229.245
614,Ely,Pretsell,epretsellh1@hud.gov,Male,197.82.245.217
615,Roxi,Pitman,rpitmanh2@craigslist.org,Female,216.231.177.161
616,Kristel,Goodbanne,kgoodbanneh3@ihg.com,Female,59.73.5.76
617,Pris,Wethered,pwetheredh4@pagesperso-orange.fr,Female,17.65.130.204
618,Johan,Valenta,jvalentah5@oracle.com,Male,240.244.253.122
619,Irwinn,Bowshire,ibowshireh6@ted.com,Male,235.72.206.14
620,Oralia,Milligan,omilliganh7@goo.gl,Female,249.129.230.93
621,Johnna,Bakhrushin,jbakhrushinh8@arizona.edu,Female,111.5.26.32
622,Bearnard,Swains,bswainsh9@edublogs.org,Male,239.71.169.159
623,Douglass,Parkyns,dparkynsha@yellowbook.com,Male,91.20.182.94
624,Kimball,Nieass,knieasshb@jiathis.com,Male,16.233.123.185
625,Berkeley,Maylam,bmaylamhc@intel.com,Male,54.157.160.1
626,Greggory,Somerbell,gsomerbellhd@mapy.cz,Male,103.166.59.151
627,Piper,Antonelli,pantonellihe@about.com,Female,245.7.44.203
628,Siegfried,Esson,sessonhf@ca.gov,Male,41.194.27.160
629,Torrence,Jado,tjadohg@tmall.com,Male,155.147.19.162
630,Benedicta,Candlish,bcandlishhh@jalbum.net,Female,33.87.109.148
631,Sandie,Sambiedge,ssambiedgehi@wsj.com,Female,41.93.154.199
632,Pepita,Turneaux,pturneauxhj@amazonaws.com,Female,209.188.139.185
633,Justinn,Kennsley,jkennsleyhk@tumblr.com,Female,73.63.95.10
634,Boris,Hale,bhalehl@nydailynews.com,Male,238.242.135.187
635,Danya,Pougher,dpougherhm@usatoday.com,Female,123.26.206.150
636,Lexine,Lebbern,llebbernhn@icio.us,Female,78.235.115.235
637,Tremaine,Maffin,tmaffinho@dmoz.org,Male,21.39.167.185
638,Queenie,Matthessen,qmatthessenhp@mayoclinic.com,Female,185.121.149.164
639,Nealon,Fechnie,nfechniehq@purevolume.com,Male,10.163.177.51
640,Jase,Sooper,jsooperhr@miitbeian.gov.cn,Male,110.4.133.65
641,Artair,Leasor,aleasorhs@abc.net.au,Male,152.124.88.104
642,Nedi,Ciepluch,nciepluchht@purevolume.com,Female,129.58.250.46
643,Gil,Wormstone,gwormstonehu@flickr.com,Male,3.186.3.48
644,Therese,Jopke,tjopkehv@live.com,Female,187.202.47.113
645,Darcie,Restieaux,drestieauxhw@patch.com,Female,19.12.81.231
646,Obadias,Twatt,otwatthx@ocn.ne.jp,Male,141.141.71.117
647,Alie,Crighton,acrightonhy@dion.ne.jp,Female,210.84.88.165
648,Orrin,Lomasney,olomasneyhz@blogspot.com,Male,240.30.131.245
649,Arlie,Eveleigh,aeveleighi0@hostgator.com,Female,16.0.119.37
650,Cleveland,Dutchburn,cdutchburni1@histats.com,Male,125.250.58.233
651,Siana,Justice,sjusticei2@technorati.com,Female,82.201.186.32
652,Ram,Livzey,rlivzeyi3@prweb.com,Male,128.86.159.75
653,Gwynne,Ratcliffe,gratcliffei4@ucla.edu,Female,149.194.76.203
654,Silvanus,Bill,sbilli5@cisco.com,Male,193.130.75.109
655,Blondie,Dalrymple,bdalrymplei6@geocities.jp,Female,40.98.32.215
656,Bobbie,Waddup,bwaddupi7@samsung.com,Male,102.117.38.90
657,Owen,Pettman,opettmani8@rediff.com,Male,0.140.36.186
658,Monique,Janczyk,mjanczyki9@blogs.com,Female,112.112.63.158
659,Carlie,Jochens,cjochensia@seesaa.net,Female,185.50.239.5
660,Myra,Duquesnay,mduquesnayib@wufoo.com,Female,89.29.142.80
661,Jeddy,McAlinden,jmcalindenic@moonfruit.com,Male,227.0.16.34
662,Derrick,Jessope,djessopeid@army.mil,Male,96.163.205.104
663,Antonin,Manes,amanesie@hud.gov,Male,181.227.208.255
664,Ailyn,Clilverd,aclilverdif@scientificamerican.com,Female,203.39.129.41
665,Dougy,Cassy,dcassyig@bizjournals.com,Male,140.50.244.141
666,Marietta,Rickaby,mrickabyih@rakuten.co.jp,Male,139.200.195.63
667,Glen,Restorick,grestorickii@booking.com,Male,42.43.178.213
668,Kameko,D'Souza,kdsouzaij@tiny.cc,Female,128.19.59.153
669,Nevil,Sillett,nsillettik@alibaba.com,Male,78.204.213.215
670,Eduard,Blasli,eblasliil@arizona.edu,Male,240.59.34.108
671,Kippie,Sieve,ksieveim@skyrock.com,Male,163.75.225.79
672,Homerus,Felder,hfelderin@yellowbook.com,Male,210.2.103.182
673,Peggie,Ackerman,packermanio@mapy.cz,Female,39.47.40.70
674,Annette,Gosford,agosfordip@behance.net,Female,94.115.174.145
675,Noe,Devitt,ndevittiq@ted.com,Male,253.40.63.197
676,Alfy,Box,aboxir@virginia.edu,Male,60.45.21.31
677,Pail,Kolakowski,pkolakowskiis@tumblr.com,Male,62.13.24.209
678,Raimondo,Abramzon,rabramzonit@auda.org.au,Male,43.213.2.40
679,Ketti,Berceros,kbercerosiu@twitter.com,Female,38.160.199.163
680,Lion,Castelyn,lcastelyniv@fastcompany.com,Male,172.187.26.49
681,Maryanne,Pedley,mpedleyiw@typepad.com,Female,1.101.15.58
682,Kaia,Briscow,kbriscowix@deliciousdays.com,Female,88.186.40.158
683,Dulcine,Beeson,dbeesoniy@pinterest.com,Female,219.22.178.196
684,Terra,Iiannone,tiiannoneiz@dailymail.co.uk,Female,144.176.55.134
685,Maisie,Bovingdon,mbovingdonj0@netscape.com,Female,71.62.139.72
686,Oswell,Sunners,osunnersj1@fc2.com,Male,178.158.246.76
687,Lauri,Stonham,lstonhamj2@tinyurl.com,Female,42.18.218.98
688,Johann,Chazelas,jchazelasj3@latimes.com,Male,6.183.89.175
689,Lolita,Luto,llutoj4@huffingtonpost.com,Female,209.51.154.198
690,Drake,Culwen,dculwenj5@businessinsider.com,Male,189.236.29.180
691,Willard,Edling,wedlingj6@shinystat.com,Male,237.98.15.80
692,Felipe,Huddy,fhuddyj7@seattletimes.com,Male,246.106.226.6
693,Konstantin,Beden,kbedenj8@fda.gov,Male,211.54.211.228
694,Les,Hovy,lhovyj9@skyrock.com,Male,239.95.105.179
695,Michaella,Spensly,mspenslyja@example.com,Female,236.89.75.248
696,Perle,Spiniello,pspiniellojb@yale.edu,Female,138.197.17.213
697,Witty,Harlick,wharlickjc@oakley.com,Male,120.51.111.154
698,Erin,Silverwood,esilverwoodjd@dmoz.org,Male,121.119.245.9
699,Bink,Tofano,btofanoje@elpais.com,Male,121.129.249.23
700,Travis,Carslaw,tcarslawjf@nba.com,Male,26.206.10.238
701,Artemas,McLaggan,amclagganjg@un.org,Male,167.107.32.211
702,Rois,Viggars,rviggarsjh@earthlink.net,Female,243.182.79.176
703,Guilbert,Pasfield,gpasfieldji@shop-pro.jp,Male,240.36.219.229
704,Cori,MacCostigan,cmaccostiganjj@sakura.ne.jp,Male,247.234.177.169
705,Gard,McEntagart,gmcentagartjk@geocities.jp,Male,60.227.202.20
706,Reeba,Fendley,rfendleyjl@bloomberg.com,Female,76.181.252.234
707,Reid,Bolliver,rbolliverjm@jigsy.com,Male,54.40.18.252
708,Caresa,Sherrocks,csherrocksjn@bravesites.com,Female,69.47.69.255
709,Adolphe,Wooster,awoosterjo@ezinearticles.com,Male,183.120.87.254
710,Willi,Albion,walbionjp@ca.gov,Male,176.77.199.90
711,Francesco,Limpenny,flimpennyjq@nature.com,Male,62.120.213.89
712,Helaina,Duly,hdulyjr@printfriendly.com,Female,76.74.9.177
713,Bendix,Redmore,bredmorejs@tamu.edu,Male,131.17.217.13
714,Lorianna,Mattecot,lmattecotjt@artisteer.com,Female,242.64.63.201
715,Carlyn,Mynett,cmynettju@163.com,Female,242.239.178.247
716,Ben,Larrat,blarratjv@toplist.cz,Male,175.73.45.62
717,Hermy,Wilsdon,hwilsdonjw@barnesandnoble.com,Male,126.229.163.206
718,Fredek,Beades,fbeadesjx@gizmodo.com,Male,111.233.109.46
719,Livia,Eggleton,leggletonjy@google.de,Female,167.76.230.231
720,Theadora,Bleackly,tbleacklyjz@mit.edu,Female,7.126.96.48
721,Lefty,Finessy,lfinessyk0@skyrock.com,Male,44.43.202.118
722,Shayna,Stollsteiner,sstollsteinerk1@twitpic.com,Female,232.129.230.32
723,Alexander,Evison,aevisonk2@wisc.edu,Male,96.180.126.63
724,Morrie,Roxbrough,mroxbroughk3@qq.com,Male,105.239.170.244
725,Ardelia,Elliott,aelliottk4@moonfruit.com,Female,36.47.173.59
726,Bonita,Gilliland,bgillilandk5@linkedin.com,Female,73.75.102.144
727,Mohammed,Lardner,mlardnerk6@drupal.org,Male,106.41.206.168
728,Adria,Custy,acustyk7@skype.com,Female,141.99.10.29
729,Rosie,Swaddle,rswaddlek8@scribd.com,Female,51.133.70.247
730,Nickola,Jime,njimek9@devhub.com,Male,205.77.51.134
731,Jaimie,Sabin,jsabinka@delicious.com,Male,226.208.215.245
732,Marietta,Horry,mhorrykb@paginegialle.it,Female,191.191.160.46
733,Stormy,Elcum,selcumkc@adobe.com,Female,38.120.43.17
734,Norean,Birtwell,nbirtwellkd@gizmodo.com,Female,169.19.39.32
735,Bert,MacNalley,bmacnalleyke@posterous.com,Female,201.17.20.206
736,Bunni,Gautrey,bgautreykf@prlog.org,Female,87.37.39.214
737,Lucias,Ledley,lledleykg@linkedin.com,Male,253.175.198.205
738,Wye,Caser,wcaserkh@nbcnews.com,Male,210.28.141.162
739,Lonnard,Iban,libanki@surveymonkey.com,Male,250.221.137.108
740,Abramo,Grebert,agrebertkj@123-reg.co.uk,Male,114.252.245.24
741,Hadleigh,Jentle,hjentlekk@cyberchimps.com,Male,101.48.98.182
742,Quentin,Duckels,qduckelskl@lycos.com,Male,84.35.73.41
743,Gannon,Kubica,gkubicakm@craigslist.org,Male,106.101.168.4
744,Brad,Trewinnard,btrewinnardkn@sohu.com,Male,211.154.72.204
745,Kaycee,Cleminson,kcleminsonko@archive.org,Female,200.56.7.171
746,Celestyna,Bailess,cbailesskp@ezinearticles.com,Female,187.247.163.204
747,Terri,Losano,tlosanokq@123-reg.co.uk,Female,194.51.248.226
748,Cobb,Ties,ctieskr@sun.com,Male,89.221.57.161
749,Daron,Lendon,dlendonks@kickstarter.com,Female,64.86.77.63
750,Natale,Burrett,nburrettkt@wordpress.com,Male,82.23.187.1
751,Andrea,Dulanty,adulantyku@shinystat.com,Male,38.147.77.16
752,Madelon,Paolino,mpaolinokv@irs.gov,Female,145.233.61.43
753,Lucho,Quested,lquestedkw@si.edu,Male,6.77.228.19
754,Rodolphe,Gatus,rgatuskx@tripod.com,Male,11.128.138.174
755,Karen,Poulney,kpoulneyky@patch.com,Female,65.190.140.73
756,Wesley,Ropartz,wropartzkz@msu.edu,Male,235.223.86.85
757,Lorena,Siverns,lsivernsl0@forbes.com,Female,31.69.21.197
758,Cindie,Gameson,cgamesonl1@si.edu,Female,104.153.233.95
759,Fulton,Lowensohn,flowensohnl2@house.gov,Male,145.113.203.90
760,Juliann,Bambrugh,jbambrughl3@chicagotribune.com,Female,216.255.199.76
761,Siana,Gammack,sgammackl4@hao123.com,Female,81.224.193.89
762,Burke,Brauns,bbraunsl5@house.gov,Male,193.253.39.96
763,Alvan,Esslement,aesslementl6@sciencedaily.com,Male,139.124.170.128
764,Bing,Maps,bmapsl7@desdev.cn,Male,47.10.82.23
765,Frank,Bampford,fbampfordl8@example.com,Male,35.196.244.149
766,Julie,Cockroft,jcockroftl9@drupal.org,Female,54.193.209.159
767,Stanton,Pastor,spastorla@squarespace.com,Male,67.70.69.169
768,Dominic,Domm,ddommlb@cmu.edu,Male,17.93.108.59
769,Ermina,Dryburgh,edryburghlc@boston.com,Female,163.73.130.148
770,Broderic,O' Molan,bomolanld@sciencedaily.com,Male,1.242.178.116
771,Bryon,Folley,bfolleyle@sourceforge.net,Male,151.248.18.161
772,Sephira,Stoeck,sstoecklf@blogtalkradio.com,Female,204.243.9.102
773,Giorgi,Hamblen,ghamblenlg@wiley.com,Male,114.6.238.248
774,Kendra,Kilcullen,kkilcullenlh@yandex.ru,Female,63.8.7.190
775,Marian,Bayns,mbaynsli@comcast.net,Female,98.200.200.74
776,Ceciley,Dowty,cdowtylj@yelp.com,Female,72.121.232.252
777,Ax,O'Dee,aodeelk@wiley.com,Male,168.148.254.6
778,Chester,Gever,cgeverll@tuttocitta.it,Male,134.116.8.12
779,Elspeth,Scandrett,escandrettlm@ycombinator.com,Female,69.250.169.41
780,Olin,Crux,ocruxln@usatoday.com,Male,223.202.15.211
781,Susy,Bennet,sbennetlo@nasa.gov,Female,206.252.250.20
782,Nelly,Beccera,nbecceralp@abc.net.au,Female,93.185.5.59
783,Davy,Yendle,dyendlelq@arizona.edu,Male,179.35.131.6
784,Marcy,Schapero,mschaperolr@yahoo.com,Female,210.159.115.87
785,Barbe,Esilmon,besilmonls@ustream.tv,Female,112.172.157.63
786,Franky,Letterick,flettericklt@typepad.com,Male,10.13.186.156
787,Kerry,Thurling,kthurlinglu@google.com.hk,Male,93.186.41.7
788,Griz,Neve,gnevelv@businessinsider.com,Male,202.245.55.99
789,Ade,Germaine,agermainelw@theguardian.com,Male,190.170.217.182
790,Silvano,Pealing,spealinglx@bbc.co.uk,Male,81.121.15.166
791,Gabey,Fowley,gfowleyly@answers.com,Female,211.110.78.32
792,Lizzy,Roussell,lrousselllz@indiatimes.com,Female,154.46.20.54
793,Cassandry,Vial,cvialm0@psu.edu,Female,140.67.180.55
794,Charlotta,Cahan,ccahanm1@canalblog.com,Female,50.89.52.202
795,Abby,Cressingham,acressinghamm2@google.de,Female,198.242.232.143
796,Nathanial,Breem,nbreemm3@ehow.com,Male,96.0.5.95
797,Appolonia,Linzey,alinzeym4@theglobeandmail.com,Female,106.137.160.79
798,Kerwin,Giffard,kgiffardm5@imdb.com,Male,84.105.248.121
799,Gloriane,Jodlkowski,gjodlkowskim6@lycos.com,Female,199.229.152.182
800,Archy,McNevin,amcnevinm7@princeton.edu,Male,15.76.170.156
801,Bartlet,Amner,bamnerm8@qq.com,Male,10.46.238.212
802,Alidia,Chippin,achippinm9@merriam-webster.com,Female,236.81.226.150
803,Lizzie,Calton,lcaltonma@tripod.com,Female,124.51.220.168
804,Riccardo,Searsby,rsearsbymb@jimdo.com,Male,105.15.195.127
805,Orville,Cacacie,ocacaciemc@icio.us,Male,94.203.41.227
806,Dorri,Hadleigh,dhadleighmd@globo.com,Female,192.219.22.167
807,Izaak,Bever,ibeverme@php.net,Male,48.22.227.185
808,Jakob,Jowitt,jjowittmf@theatlantic.com,Male,151.43.215.96
809,Moreen,Triggle,mtrigglemg@nature.com,Female,114.80.79.33
810,Sophey,Selburn,sselburnmh@blogger.com,Female,39.83.136.152
811,Diandra,Millis,dmillismi@arizona.edu,Female,111.251.89.152
812,Yetta,Northcott,ynorthcottmj@google.fr,Female,57.155.77.169
813,Malcolm,Pifford,mpiffordmk@alexa.com,Male,60.118.154.93
814,Isaak,Stubbert,istubbertml@t.co,Male,213.37.23.183
815,Noel,Boughen,nboughenmm@indiegogo.com,Male,209.113.150.105
816,Addy,Spoward,aspowardmn@wisc.edu,Female,72.25.77.68
817,Toni,Klulisek,tklulisekmo@buzzfeed.com,Female,40.223.207.91
818,Eden,Lenahan,elenahanmp@tripadvisor.com,Female,203.158.17.213
819,Buiron,Middup,bmiddupmq@bandcamp.com,Male,123.11.56.77
820,Anastasie,Padley,apadleymr@taobao.com,Female,72.1.171.9
821,Dix,Kasher,dkasherms@google.com,Female,122.118.99.115
822,Candy,Glenfield,cglenfieldmt@nyu.edu,Female,130.245.116.29
823,Dannel,Tourne,dtournemu@imageshack.us,Male,138.215.184.135
824,Burk,Luchelli,bluchellimv@scientificamerican.com,Male,251.87.130.153
825,Constantine,Polotti,cpolottimw@usatoday.com,Female,60.78.149.140
826,Mitchell,Jarrad,mjarradmx@weibo.com,Male,235.14.220.10
827,Jilli,Larcombe,jlarcombemy@cyberchimps.com,Female,99.5.95.64
828,Izabel,Braune,ibraunemz@example.com,Female,232.216.154.213
829,Minnaminnie,Cahan,mcahann0@yellowbook.com,Female,150.227.164.244
830,Jaymee,Dunstall,jdunstalln1@t-online.de,Female,202.139.115.16
831,Stefan,Medwell,smedwelln2@unesco.org,Male,158.177.203.200
832,Jarad,Maplestone,jmaplestonen3@bbb.org,Male,5.227.71.74
833,Myrwyn,Rotchell,mrotchelln4@tiny.cc,Male,39.176.112.202
834,Claudell,Gutteridge,cgutteridgen5@parallels.com,Male,120.125.105.36
835,Daryn,Fitkin,dfitkinn6@bluehost.com,Female,185.208.245.192
836,Koo,Di Angelo,kdiangelon7@taobao.com,Female,229.23.194.108
837,Adel,Hughson,ahughsonn8@histats.com,Female,227.48.114.157
838,Denney,Keyse,dkeysen9@wordpress.com,Male,202.152.12.77
839,Vlad,Whitear,vwhitearna@desdev.cn,Male,253.100.237.8
840,Bobbye,Shoosmith,bshoosmithnb@squidoo.com,Female,68.58.104.68
841,Clarice,Gillaspy,cgillaspync@jalbum.net,Female,255.48.75.156
842,Anatollo,Gianni,agiannind@howstuffworks.com,Male,104.229.193.227
843,Druci,Dewey,ddeweyne@uiuc.edu,Female,173.143.28.235
844,Janeta,Juhruke,jjuhrukenf@ed.gov,Female,12.20.49.150
845,Phillipe,Luckes,pluckesng@wordpress.com,Male,179.242.28.17
846,Marielle,Manchester,mmanchesternh@myspace.com,Female,233.70.188.107
847,Winn,Delamaine,wdelamaineni@t-online.de,Male,195.63.87.54
848,Layton,Paulon,lpaulonnj@jigsy.com,Male,169.171.153.63
849,Barnabe,Casetti,bcasettink@pagesperso-orange.fr,Male,201.46.209.158
850,Wilie,Izatson,wizatsonnl@furl.net,Female,14.61.40.86
851,Burke,Courteney,bcourteneynm@comcast.net,Male,33.231.47.250
852,Lana,Albertson,lalbertsonnn@zimbio.com,Female,202.244.142.69
853,Torrey,Chittleburgh,tchittleburghno@huffingtonpost.com,Male,24.53.69.237
854,Gardiner,Exer,gexernp@engadget.com,Male,124.150.93.154
855,Ambrosius,Tomik,atomiknq@wsj.com,Male,25.43.224.43
856,Ailina,Gildersleeve,agildersleevenr@msu.edu,Female,79.138.93.227
857,Georgette,McLemon,gmclemonns@nytimes.com,Female,244.10.121.142
858,Gwendolen,Sitford,gsitfordnt@wordpress.com,Female,203.57.39.219
859,Monica,Hastler,mhastlernu@google.de,Female,66.128.32.20
860,Lawrence,Kornalik,lkornaliknv@goo.gl,Male,134.141.138.191
861,Faye,Stickler,fsticklernw@mlb.com,Female,12.10.71.126
862,Helene,Rampton,hramptonnx@smugmug.com,Female,247.141.47.182
863,Burnaby,Staden,bstadenny@ox.ac.uk,Male,1.42.52.129
864,Camey,Noore,cnoorenz@biglobe.ne.jp,Male,130.142.87.68
865,Claiborne,Burde,cburdeo0@wufoo.com,Male,27.4.196.83
866,Mathew,Antoniat,mantoniato1@paginegialle.it,Male,188.231.139.184
867,Hertha,Lorryman,hlorrymano2@chicagotribune.com,Female,8.56.165.200
868,Abby,Jobin,ajobino3@surveymonkey.com,Female,0.133.111.142
869,Somerset,Masser,smassero4@odnoklassniki.ru,Male,124.203.62.35
870,Fidelio,Berthe,fbertheo5@microsoft.com,Male,15.226.63.25
871,Donny,Friary,dfriaryo6@whitehouse.gov,Male,191.185.9.59
872,Pietro,Tassel,ptasselo7@seattletimes.com,Male,243.230.119.167
873,Coraline,Longfellow,clongfellowo8@canalblog.com,Female,234.122.10.190
874,Eveline,Dytham,edythamo9@opensource.org,Female,4.163.204.110
875,Vance,Ralling,vrallingoa@taobao.com,Male,102.137.97.133
876,Carlie,Challender,cchallenderob@paginegialle.it,Male,142.199.200.195
877,Correy,Arunowicz,carunowiczoc@aol.com,Female,40.98.122.169
878,Roda,Jerrolt,rjerroltod@dion.ne.jp,Female,221.45.145.240
879,Helga,Denidge,hdenidgeoe@indiatimes.com,Female,19.167.215.99
880,Andre,Alyoshin,aalyoshinof@java.com,Male,253.224.148.94
881,Dav,Cotton,dcottonog@devhub.com,Male,42.250.170.111
882,Blakelee,Woolager,bwoolageroh@theglobeandmail.com,Female,41.115.34.69
883,Ursa,Scardafield,uscardafieldoi@cloudflare.com,Female,40.238.107.8
884,Maria,Kardos-Stowe,mkardosstoweoj@google.ca,Female,109.208.69.34
885,Yetta,Schoolcroft,yschoolcroftok@nih.gov,Female,13.162.26.231
886,Ignacio,McClements,imcclementsol@dyndns.org,Male,76.227.139.211
887,Addison,Stroyan,astroyanom@irs.gov,Male,45.15.173.95
888,Karrie,Crews,kcrewson@fema.gov,Female,52.129.110.230
889,Munmro,Moncaster,mmoncasteroo@paginegialle.it,Male,1.46.122.176
890,Doria,Turfes,dturfesop@state.gov,Female,208.170.225.241
891,Hally,Yaxley,hyaxleyoq@guardian.co.uk,Female,48.86.241.8
892,Leodora,Plail,lplailor@dot.gov,Female,14.189.35.214
893,Brinna,Lamond,blamondos@squarespace.com,Female,69.251.166.176
894,Nathalia,Berrington,nberringtonot@xing.com,Female,216.69.85.233
895,Jay,Bartolommeo,jbartolommeoou@ask.com,Male,68.54.243.119
896,Emmanuel,Densham,edenshamov@adobe.com,Male,179.234.37.233
897,Esteban,Sollis,esollisow@vistaprint.com,Male,56.152.129.143
898,Bernelle,Phear,bphearox@miitbeian.gov.cn,Female,245.191.237.243
899,Cassie,Fielder,cfielderoy@w3.org,Male,169.135.161.207
900,Berky,Mapstone,bmapstoneoz@indiatimes.com,Male,189.215.249.192
901,Paulina,Hustings,phustingsp0@berkeley.edu,Female,220.221.31.198
902,Bessie,Esland,beslandp1@hatena.ne.jp,Female,100.222.117.29
903,Bank,Quadling,bquadlingp2@usatoday.com,Male,77.218.249.211
904,Lilah,Annakin,lannakinp3@de.vu,Female,83.101.121.212
905,Judas,Hoopper,jhoopperp4@ycombinator.com,Male,165.159.3.79
906,Winston,O'Fairy,wofairyp5@diigo.com,Male,167.211.15.31
907,Al,Binion,abinionp6@gnu.org,Male,211.52.195.32
908,Lexine,Lambirth,llambirthp7@bravesites.com,Female,171.65.79.234
909,Harlen,Rival,hrivalp8@slideshare.net,Male,12.19.17.82
910,Korey,Skaife d'Ingerthorpe,kskaifedingerthorpep9@vistaprint.com,Male,198.163.190.26
911,Ynes,Michele,ymichelepa@etsy.com,Female,33.38.130.28
912,Nickolaus,Di Biaggi,ndibiaggipb@webmd.com,Male,255.81.50.166
913,Florry,Zmitruk,fzmitrukpc@mozilla.com,Female,198.181.36.34
914,Arleyne,Swanwick,aswanwickpd@webmd.com,Female,15.207.128.78
915,Christin,Serrels,cserrelspe@elegantthemes.com,Female,83.188.63.138
916,Rutter,Oliphant,roliphantpf@europa.eu,Male,154.254.209.151
917,Felizio,Dormon,fdormonpg@xing.com,Male,212.41.253.75
918,Melloney,Islep,mislepph@cmu.edu,Female,78.79.16.158
919,Happy,Claypool,hclaypoolpi@gnu.org,Female,13.52.167.194
920,Emmi,Eldritt,eeldrittpj@reuters.com,Female,35.40.61.137
921,Paula,Sillis,psillispk@boston.com,Female,241.248.57.160
922,Richy,Tricker,rtrickerpl@vkontakte.ru,Male,211.139.43.66
923,Malissa,McCuthais,mmccuthaispm@xrea.com,Female,44.50.77.231
924,Perri,Deware,pdewarepn@toplist.cz,Female,42.230.42.3
925,Bern,Gravie,bgraviepo@icq.com,Male,7.161.69.126
926,Yancey,Scorer,yscorerpp@parallels.com,Male,106.143.16.207
927,Eloise,Kinnoch,ekinnochpq@princeton.edu,Female,44.36.230.73
928,Dorie,Leathe,dleathepr@dailymail.co.uk,Male,110.100.66.216
929,Verney,Caldeiro,vcaldeirops@i2i.jp,Male,242.41.78.139
930,Eldredge,Pimlett,epimlettpt@t-online.de,Male,201.179.196.153
931,Neal,Barter,nbarterpu@biblegateway.com,Male,220.235.211.73
932,Abraham,Kybbye,akybbyepv@indiatimes.com,Male,57.181.15.3
933,Boycie,Jacson,bjacsonpw@ocn.ne.jp,Male,75.117.142.97
934,Rodolphe,Mordon,rmordonpx@unesco.org,Male,201.127.20.249
935,Adlai,Rennison,arennisonpy@wufoo.com,Male,12.255.234.83
936,Junia,Welsby,jwelsbypz@vimeo.com,Female,83.211.160.12
937,Eduino,Ramsdale,eramsdaleq0@github.com,Male,153.112.61.20
938,Becki,Mathiasen,bmathiasenq1@cnn.com,Female,80.7.231.10
939,Cayla,Medway,cmedwayq2@umn.edu,Female,174.144.87.143
940,Felice,Ashness,fashnessq3@hibu.com,Female,137.242.93.167
941,Ingunna,Ruffy,iruffyq4@alexa.com,Female,39.109.241.231
942,Mortimer,Olennikov,molennikovq5@google.de,Male,120.163.32.99
943,Rozele,Kitto,rkittoq6@hexun.com,Female,109.36.4.235
944,Shaun,Criple,scripleq7@hubpages.com,Female,123.160.157.168
945,Bard,Buxcy,bbuxcyq8@disqus.com,Male,217.218.139.11
946,Noelani,Gilpin,ngilpinq9@nhs.uk,Female,34.51.252.216
947,Cobb,Tapply,ctapplyqa@accuweather.com,Male,72.123.70.40
948,Brunhilde,Withrop,bwithropqb@bloglines.com,Female,109.73.170.134
949,Sabra,Tavener,stavenerqc@redcross.org,Female,89.21.47.182
950,Cal,Nyles,cnylesqd@google.com.au,Female,92.173.110.15
951,Leslie,Humbey,lhumbeyqe@state.gov,Female,218.7.29.254
952,Dennie,Mathy,dmathyqf@flavors.me,Male,246.209.136.122
953,Stillmann,Ghelerdini,sghelerdiniqg@sohu.com,Male,34.194.230.194
954,Flore,Kondrachenko,fkondrachenkoqh@usgs.gov,Female,184.74.11.189
955,Doyle,Parysowna,dparysownaqi@sogou.com,Male,41.26.26.6
956,Fayth,Rutledge,frutledgeqj@php.net,Female,41.255.181.162
957,Daffi,Stolting,dstoltingqk@theguardian.com,Female,77.28.119.216
958,Vanny,Irvine,virvineql@nifty.com,Female,107.90.168.59
959,Finley,Cherrie,fcherrieqm@stanford.edu,Male,202.228.138.181
960,Sheelagh,Caser,scaserqn@nature.com,Female,56.137.229.70
961,Hamid,Fright,hfrightqo@samsung.com,Male,68.191.215.61
962,Piotr,Cuddon,pcuddonqp@google.pl,Male,14.24.185.69
963,Steffen,Readmire,sreadmireqq@discuz.net,Male,82.87.117.124
964,Andria,Comiskey,acomiskeyqr@digg.com,Female,36.116.19.90
965,Kai,Pryn,kprynqs@mozilla.com,Female,172.107.80.49
966,Alta,Nanelli,ananelliqt@cdc.gov,Female,220.145.135.128
967,Anatollo,Carlyle,acarlylequ@howstuffworks.com,Male,44.109.81.43
968,Aurlie,Lund,alundqv@bbc.co.uk,Female,3.106.122.66
969,Samuele,Newlands,snewlandsqw@economist.com,Male,252.5.20.80
970,Humphrey,Muglestone,hmuglestoneqx@diigo.com,Male,207.51.10.252
971,Thornie,Saylor,tsaylorqy@quantcast.com,Male,147.0.48.146
972,Tommy,Bodker,tbodkerqz@dagondesign.com,Female,185.145.187.45
973,Roselia,Eldrid,reldridr0@nbcnews.com,Female,193.134.249.187
974,Luella,Shevill,lshevillr1@deviantart.com,Female,193.125.60.212
975,Tiphany,Stealfox,tstealfoxr2@mapquest.com,Female,4.0.35.38
976,Peg,Borthe,pborther3@reuters.com,Female,129.80.114.178
977,Bryn,Rihanek,brihanekr4@senate.gov,Male,117.175.75.124
978,Juan,Kinworthy,jkinworthyr5@twitter.com,Male,118.150.44.13
979,Dewain,Sawnwy,dsawnwyr6@unblog.fr,Male,28.72.226.248
980,Curt,Harbert,charbertr7@vkontakte.ru,Male,30.19.170.191
981,Coralyn,Christmas,cchristmasr8@live.com,Female,180.250.195.149
982,Mead,Noke,mnoker9@theguardian.com,Female,66.192.113.233
983,Michail,Pratley,mpratleyra@sphinn.com,Male,199.71.18.142
984,Minor,McCrystal,mmccrystalrb@twitter.com,Male,243.74.94.200
985,Caspar,Deeprose,cdeeproserc@drupal.org,Male,191.155.46.227
986,Pippo,Hayley,phayleyrd@bloomberg.com,Male,142.169.119.39
987,Emmalynne,Gounin,egouninre@github.io,Female,34.57.202.159
988,Alaine,Garrattley,agarrattleyrf@theatlantic.com,Female,211.184.238.168
989,Munmro,Goodhall,mgoodhallrg@un.org,Male,38.119.59.208
990,Ephrem,Rainsden,erainsdenrh@ucoz.ru,Male,201.108.90.144
991,Therine,Cunnell,tcunnellri@unesco.org,Female,136.56.114.29
992,Janessa,Wicks,jwicksrj@hp.com,Female,69.201.26.166
993,Carr,Mollindinia,cmollindiniark@mapquest.com,Male,96.0.113.116
994,Desi,Pohl,dpohlrl@wordpress.org,Male,166.10.248.181
995,Michele,Fawdery,mfawderyrm@thetimes.co.uk,Male,135.168.198.155
996,Jacquie,Piotrkowski,jpiotrkowskirn@last.fm,Female,28.184.168.152
997,Fanchon,Dalliwatr,fdalliwatrro@omniture.com,Female,87.54.254.175
998,Tiebold,Rawsthorn,trawsthornrp@friendfeed.com,Male,171.42.231.76
999,Lanie,Shoreman,lshoremanrq@washington.edu,Male,154.76.201.176
1000,Melli,Rubin,mrubinrr@yellowbook.com,Female,13.251.1.238
